{
  "chars": 2011.6971153846155,
  "chars:std": 572.0272734145991,
  "score:std": 0.4996300406448685,
  "score": 0.4807692307692308
}