{
  "chars": 1329.1778846153845,
  "chars:std": 402.4249357755887,
  "score:std": 0.46351240544347894,
  "score": 0.3125
}