{
  "chars": 2044.5528846153845,
  "chars:std": 624.8256118951435,
  "score:std": 0.49607837082461076,
  "score": 0.4375
}