{
  "chars": 1529.4,
  "chars:std": 550.7244683142379,
  "score:std": 0.4898979485566356,
  "score": 0.6
}