{
  "chars": 1339.7403846153845,
  "chars:std": 659.7974921722385,
  "score:std": 0.4981242552502729,
  "score": 0.4567307692307692
}