{
  "chars": 1352.8653846153845,
  "chars:std": 523.0566147782796,
  "score:std": 0.49997688556039727,
  "score": 0.5048076923076923
}