{
  "other": 0.8196239717978848,
  "other:std": 0.38450034675165756,
  "score:std": 0.44110207701012694,
  "humanities": 0.6839596186203029,
  "humanities:std": 0.46492887490139045,
  "social_sciences": 0.775039745627981,
  "social_sciences:std": 0.4175561499066869,
  "score": 0.7354335525309681
}